Employee_ID,Actual,Predicted,Probability,Risk_Level
1041,No,Will Stay,0.2276171813550386,Low
184,No,Will Stay,0.05291142619226253,Low
1222,Yes,Will Leave,0.6598681785419482,High
67,No,Will Stay,0.04959872674291214,Low
220,No,Will Stay,0.14382241127206002,Low
494,No,Will Stay,0.34915841027926003,Medium
430,No,Will Leave,0.7169765647108484,High
240,No,Will Stay,0.136384462869582,Low
218,No,Will Stay,0.3463565650904187,Medium
49,No,Will Stay,0.09339577728725199,Low
